dept_prefix,course_number,course_section,title,instructor,secondary_instr,days,times,seats,term
CS,220,A,,Wahl,,MWF,9:20-10:30,30,F
MAT,131,A,,Aydogan,,MWF,14:20-16:05,20,F
MUS,001,A,Special Topics: Choir,Smith,,MW,16:00-16:50,15,F
MUS,001,A,Special Topics: Choir,Smith,,R,16:10-17:00,15,F
BIO,161,A,,Patterson,"Xu, Ray",MWF,8:00-9:10,24,W
CS,101,A,,Vosmeier,"Nguyen, Wu",TR,10:00-11:45,,W
BIO,166,A,Genetics,Patterson,,TR,13:20-14:30,40,S
BIO,166L,A1,Bogus Lab,Patterson,"Xu, Ray",MWF,11:30-12:40,12,S
ENG,111,A,,NULL,,,,,S
